{
    "P": {
        "n!": 40320,
        "Compara\u00e7\u00f5es": 1728712,
        "Compara\u00e7\u00f5es - Tab.": 0,
        "Atrib. (Local)": 600595,
        "Atrib. (Local) - Tab.": 0,
        "Atrib. (Vetor)": 167199,
        "Atrib. (Vetor) - Tab.": 0,
        "Trocas": 40319,
        "Trocas - Tab.": 0,
        "Mem\u00f3ria (kb)": 2.62890625,
        "Setup (ms)": 0,
        "Operation (ms)": 644.0618950873613
    },
    "T online": {
        "n!": 40320,
        "Compara\u00e7\u00f5es": 219200,
        "Compara\u00e7\u00f5es - Tab.": 0,
        "Atrib. (Local)": 190240,
        "Atrib. (Local) - Tab.": 0,
        "Atrib. (Vetor)": 259544,
        "Atrib. (Vetor) - Tab.": 0,
        "Trocas": 40319,
        "Trocas - Tab.": 0,
        "Mem\u00f3ria (kb)": 1.3125,
        "Setup (ms)": 0,
        "Operation (ms)": 162.66366397030652
    },
    "T offline": {
        "n!": 40320,
        "Compara\u00e7\u00f5es": 0,
        "Compara\u00e7\u00f5es - Tab.": 259519,
        "Atrib. (Local)": 40319,
        "Atrib. (Local) - Tab.": 259521,
        "Atrib. (Vetor)": 80647,
        "Atrib. (Vetor) - Tab.": 219216,
        "Trocas": 40319,
        "Trocas - Tab.": 0,
        "Mem\u00f3ria (kb)": 2549.484375,
        "Setup (ms)": 162.65364387072623,
        "Operation (ms)": 204.62265401147306
    }
}