{
    "T online": {
        "n!": 40320,
        "Compara\u00e7\u00f5es": 1728712,
        "Atribui\u00e7\u00f5es Local": 600595,
        "Atribui\u00e7\u00f5es V": 207517,
        "Trocas": 40319,
        "Memoria": 2550.328125,
        "Setup_ms": 0,
        "Total_ms": 645.2182600041851
    },
    "T offline": {
        "n!": 40320,
        "Compara\u00e7\u00f5es": 0,
        "Atribui\u00e7\u00f5es Local": 40319,
        "Atribui\u00e7\u00f5es V": 80646,
        "Trocas": 40319,
        "Memoria": 2439.96875,
        "Setup_ms": 92.40799804683775,
        "Total_ms": 124.10390097647905
    }
}