{
    "P": {
        "n!": 40320,
        "Compara\u00e7\u00f5es": 1728712,
        "Compara\u00e7\u00f5es - Tab.": 0,
        "Atrib. (Local)": 600595,
        "Atrib. (Local) - Tab.": 0,
        "Atrib. (Vetor)": 167199,
        "Atrib. (Vetor) - Tab.": 0,
        "Trocas": 40319,
        "Trocas - Tab.": 0,
        "Mem\u00f3ria (kb)": 2.62890625,
        "Setup (ms)": 0,
        "Operation (ms)": 633.2788170548156
    },
    "T online": {
        "n!": 40320,
        "Compara\u00e7\u00f5es": 219200,
        "Compara\u00e7\u00f5es - Tab.": 0,
        "Atrib. (Local)": 190240,
        "Atrib. (Local) - Tab.": 0,
        "Atrib. (Vetor)": 259544,
        "Atrib. (Vetor) - Tab.": 0,
        "Trocas": 40319,
        "Trocas - Tab.": 0,
        "Mem\u00f3ria (kb)": 2549.0390625,
        "Setup (ms)": 0,
        "Operation (ms)": 178.39546699542552
    },
    "T offline": {
        "n!": 40320,
        "Compara\u00e7\u00f5es": 0,
        "Compara\u00e7\u00f5es - Tab.": 259519,
        "Atrib. (Local)": 40319,
        "Atrib. (Local) - Tab.": 259521,
        "Atrib. (Vetor)": 80647,
        "Atrib. (Vetor) - Tab.": 219216,
        "Trocas": 40319,
        "Trocas - Tab.": 0,
        "Mem\u00f3ria (kb)": 2440.0546875,
        "Setup (ms)": 160.32464802265167,
        "Operation (ms)": 201.0423419997096
    }
}