{
    "P": {
        "n!": 3628800,
        "Compara\u00e7\u00f5es": 195592310,
        "Compara\u00e7\u00f5es - Tab.": 0,
        "Atrib. (Local)": 62887219,
        "Atrib. (Local) - Tab.": 0,
        "Atrib. (Vetor)": 14924321,
        "Atrib. (Vetor) - Tab.": 0,
        "Trocas": 3628799,
        "Trocas - Tab.": 0,
        "Mem\u00f3ria (kb)": 2.66015625,
        "Setup (ms)": 0,
        "Operation (ms)": 68817.84866400994
    },
    "T online": {
        "n!": 3628800,
        "Compara\u00e7\u00f5es": 19728200,
        "Compara\u00e7\u00f5es - Tab.": 0,
        "Atrib. (Local)": 17121700,
        "Atrib. (Local) - Tab.": 0,
        "Atrib. (Vetor)": 23357030,
        "Atrib. (Vetor) - Tab.": 0,
        "Trocas": 3628799,
        "Trocas - Tab.": 0,
        "Mem\u00f3ria (kb)": 228593.7421875,
        "Setup (ms)": 0,
        "Operation (ms)": 15460.786244948395
    },
    "T offline": {
        "n!": 3628800,
        "Compara\u00e7\u00f5es": 0,
        "Compara\u00e7\u00f5es - Tab.": 23356999,
        "Atrib. (Local)": 3628799,
        "Atrib. (Local) - Tab.": 23357001,
        "Atrib. (Vetor)": 7257609,
        "Atrib. (Vetor) - Tab.": 19728220,
        "Trocas": 3628799,
        "Trocas - Tab.": 0,
        "Mem\u00f3ria (kb)": 228484.7265625,
        "Setup (ms)": 14164.511281996965,
        "Operation (ms)": 17701.215250999667
    }
}