{
    "P": {
        "n!": 5040,
        "Compara\u00e7\u00f5es": 188273,
        "Compara\u00e7\u00f5es - Tab.": 0,
        "Atrib. (Local)": 68669,
        "Atrib. (Local) - Tab.": 0,
        "Atrib. (Vetor)": 21038,
        "Atrib. (Vetor) - Tab.": 0,
        "Trocas": 5039,
        "Trocas - Tab.": 0,
        "Mem\u00f3ria (kb)": 2.62109375,
        "Setup (ms)": 0,
        "Operation (ms)": 71.18341117165983
    },
    "T online": {
        "n!": 5040,
        "Compara\u00e7\u00f5es": 27398,
        "Compara\u00e7\u00f5es - Tab.": 0,
        "Atrib. (Local)": 23779,
        "Atrib. (Local) - Tab.": 0,
        "Atrib. (Vetor)": 32459,
        "Atrib. (Vetor) - Tab.": 0,
        "Trocas": 5039,
        "Trocas - Tab.": 0,
        "Mem\u00f3ria (kb)": 1.296875,
        "Setup (ms)": 0,
        "Operation (ms)": 19.242660142481327
    },
    "T offline": {
        "n!": 5040,
        "Compara\u00e7\u00f5es": 0,
        "Compara\u00e7\u00f5es - Tab.": 32437,
        "Atrib. (Local)": 5039,
        "Atrib. (Local) - Tab.": 32439,
        "Atrib. (Vetor)": 10086,
        "Atrib. (Vetor) - Tab.": 27412,
        "Trocas": 5039,
        "Trocas - Tab.": 0,
        "Mem\u00f3ria (kb)": 318.171875,
        "Setup (ms)": 18.953205086290836,
        "Operation (ms)": 23.856544168666005
    }
}