{
    "T online": {
        "n!": 720,
        "Compara\u00e7\u00f5es": 22914,
        "Atribui\u00e7\u00f5es Local": 8887,
        "Atribui\u00e7\u00f5es V": 3755,
        "Trocas": 719,
        "Memoria": 47.828125,
        "Setup_ms": 0,
        "Total_ms": 10.348975076340139
    },
    "T offline": {
        "n!": 720,
        "Compara\u00e7\u00f5es": 0,
        "Atribui\u00e7\u00f5es Local": 719,
        "Atribui\u00e7\u00f5es V": 1444,
        "Trocas": 719,
        "Memoria": 7.5390625,
        "Setup_ms": 1.4237769646570086,
        "Total_ms": 1.952948048710823
    }
}