{
    "T online": {
        "n!": 362880,
        "Compara\u00e7\u00f5es": 17559351,
        "Atribui\u00e7\u00f5es Local": 5847583,
        "Atribui\u00e7\u00f5es V": 1860638,
        "Trocas": 362879,
        "Memoria": 22705.6953125,
        "Setup_ms": 0,
        "Total_ms": 6685.174413025379
    },
    "T offline": {
        "n!": 362880,
        "Compara\u00e7\u00f5es": 0,
        "Atribui\u00e7\u00f5es Local": 362879,
        "Atribui\u00e7\u00f5es V": 725767,
        "Trocas": 362879,
        "Memoria": 22595.328125,
        "Setup_ms": 927.9306170064956,
        "Total_ms": 1224.8364289989695
    }
}