{
    "P": {
        "n!": 362880,
        "Compara\u00e7\u00f5es": 17559351,
        "Compara\u00e7\u00f5es - Tab.": 0,
        "Atrib. (Local)": 5847583,
        "Atrib. (Local) - Tab.": 0,
        "Atrib. (Vetor)": 1497760,
        "Atrib. (Vetor) - Tab.": 0,
        "Trocas": 362879,
        "Trocas - Tab.": 0,
        "Mem\u00f3ria (kb)": 2.65234375,
        "Setup (ms)": 0,
        "Operation (ms)": 6380.666949087754
    },
    "T online": {
        "n!": 362880,
        "Compara\u00e7\u00f5es": 1972818,
        "Compara\u00e7\u00f5es - Tab.": 0,
        "Atrib. (Local)": 1712169,
        "Atrib. (Local) - Tab.": 0,
        "Atrib. (Vetor)": 2335725,
        "Atrib. (Vetor) - Tab.": 0,
        "Trocas": 362879,
        "Trocas - Tab.": 0,
        "Mem\u00f3ria (kb)": 1.34375,
        "Setup (ms)": 0,
        "Operation (ms)": 1447.645705891773
    },
    "T offline": {
        "n!": 362880,
        "Compara\u00e7\u00f5es": 0,
        "Compara\u00e7\u00f5es - Tab.": 2335697,
        "Atrib. (Local)": 362879,
        "Atrib. (Local) - Tab.": 2335699,
        "Atrib. (Vetor)": 725768,
        "Atrib. (Vetor) - Tab.": 1972836,
        "Trocas": 362879,
        "Trocas - Tab.": 0,
        "Mem\u00f3ria (kb)": 22704.84375,
        "Setup (ms)": 1414.1792298760265,
        "Operation (ms)": 1768.8268749043345
    }
}