{
    "T online": {
        "n!": 6,
        "Compara\u00e7\u00f5es": 88,
        "Atribui\u00e7\u00f5es Local": 47,
        "Atribui\u00e7\u00f5es V": 32,
        "Trocas": 5,
        "Memoria": 2.7578125,
        "Setup_ms": 0,
        "Total_ms": 0.03903696779161692
    },
    "T offline": {
        "n!": 6,
        "Compara\u00e7\u00f5es": 0,
        "Atribui\u00e7\u00f5es Local": 5,
        "Atribui\u00e7\u00f5es V": 13,
        "Trocas": 5,
        "Memoria": 1.5390625,
        "Setup_ms": 0.05290599074214697,
        "Total_ms": 0.06223295349627733
    }
}